2026-09-12T01:29:35.956Z	subscriptions-balance	/subscriptions/balance	200
2026-09-12T01:29:37.937Z	health-feeds-KJFK	/health/services/airports/KJFK/feeds	200
2026-09-12T01:29:53.685Z	flights-number-domestic-single	/flights/number/AA1/2026-09-15?dateLocalRole=Departure	200
2026-09-12T01:29:55.691Z	flights-number-multileg	/flights/number/UA155/2026-09-15?dateLocalRole=Departure	204
2026-09-12T01:29:57.845Z	flights-number-codeshare	/flights/number/DL8517/2026-09-15?dateLocalRole=Departure	204
2026-09-12T01:30:37.291Z	flights-airport-KJFK-departures-codeshare-discovery	/flights/airports/icao/KJFK/2026-09-11T21:00/2026-09-11T22:00?direction=Departure&withLeg=true&withCancelled=true&withCodeshared=true&withCargo=false&withPrivate=false	200
2026-09-12T01:30:55.784Z	flights-airport-EHAM-departures-codeshare-discovery	/flights/airports/icao/EHAM/2026-09-12T08:00/2026-09-12T09:00?direction=Departure&withLeg=true&withCancelled=true&withCodeshared=true&withCargo=false&withPrivate=false	200
2026-09-12T01:31:13.979Z	flights-number-codeshare-marketing	/flights/number/DL9659/2026-09-12?dateLocalRole=Departure	200
2026-09-12T01:31:32.786Z	flights-number-multileg	/flights/number/AS65/2026-09-15?dateLocalRole=Departure	200
2026-09-12T01:32:13.160Z	flights-number-live-today	/flights/number/B6%201411/2026-09-11?dateLocalRole=Departure	200
2026-09-12T01:32:15.307Z	flights-number-past-date	/flights/number/AA1/2026-08-15?dateLocalRole=Departure	200
2026-09-12T01:32:22.247Z	flights-number-nonexistent-invalid	/flights/number/ZZ9999/2026-09-15?dateLocalRole=Departure	204
2026-09-12T01:32:24.500Z	health-feeds-PAWG	/health/services/airports/PAWG/feeds	200
2026-09-12T01:32:33.173Z	flights-number-bad-request	/flights/number/AA1/2026-13-45?dateLocalRole=Departure	404
2026-09-14T00:54:14.000Z	liveops-subscriptions-balance-after-resubscribe	/subscriptions/balance	200
2026-09-14T00:54:50.000Z	liveops-subscriptions-webhook-list-after-resubscribe	/subscriptions/webhook	204
2026-09-15T02:00:45.000Z	liveops-subscriptions-balance-after-refill	/subscriptions/balance	200
2026-09-16T00:12:56.000Z	liveops-flights-number-DL1019-track	/flights/number/DL1019/2026-09-17	200
2026-09-16T00:13:24.000Z	liveops-health-feeds-KBOS-track	/health/services/airports/KBOS/feeds	200
2026-09-16T00:13:24.000Z	liveops-health-feeds-KDTW-track	/health/services/airports/KDTW/feeds	200
2026-09-16T00:13:37.000Z	liveops-flights-number-DL1019-add	/flights/number/DL1019/2026-09-17	200
